date,o_improvement,track,shortcut
1998-09-28,0,Luigi Raceway,No Shortcut
1998-10-01,2.5031289111390184e-4,Luigi Raceway,No Shortcut
1998-10-02,7.509386733417056e-4,Luigi Raceway,No Shortcut
1998-10-24,0.0017521902377971945,Luigi Raceway,No Shortcut
1998-12-24,0.00258656654151024,Luigi Raceway,No Shortcut
1998-12-28,0.003087192323738044,Luigi Raceway,No Shortcut
1998-12-31,0.003838130997079631,Luigi Raceway,No Shortcut
1999-05-17,0.004338756779307435,Luigi Raceway,No Shortcut
1999-09-07,0.004589069670421337,Luigi Raceway,No Shortcut
1999-09-27,0.004922820191906579,Luigi Raceway,No Shortcut
1999-10-26,0.0057571964956195055,Luigi Raceway,No Shortcut
1999-10-30,0.0100125156445556,Luigi Raceway,No Shortcut
2002-03-20,0.01009595327492694,Luigi Raceway,No Shortcut
2003-04-28,0.010262828535669502,Luigi Raceway,No Shortcut
2003-05-27,0.014267834793491814,Luigi Raceway,No Shortcut
2005-07-10,0.014434710054234376,Luigi Raceway,No Shortcut
2011-12-15,0.014851898206090957,Luigi Raceway,No Shortcut
2011-12-26,0.014935335836462178,Luigi Raceway,No Shortcut
2013-02-24,0.01510221109720486,Luigi Raceway,No Shortcut
2014-02-24,0.015269086357947301,Luigi Raceway,No Shortcut
2014-10-28,0.015435961618689983,Luigi Raceway,No Shortcut
2014-11-04,0.015519399249061204,Luigi Raceway,No Shortcut
2017-07-07,0.015519399249061204,Luigi Raceway,No Shortcut
2017-07-12,0.015602836879432662,Luigi Raceway,No Shortcut
2019-12-01,0.016103462661660347,Luigi Raceway,No Shortcut
2019-12-06,0.016103462661660347,Luigi Raceway,No Shortcut
2019-12-10,0.016186900292031688,Luigi Raceway,No Shortcut
2020-06-11,0.01643721318314559,Luigi Raceway,No Shortcut
2020-07-24,0.01652065081351681,Luigi Raceway,No Shortcut
2020-11-06,0.01735502711722974,Luigi Raceway,No Shortcut
1998-01-02,0,Luigi Raceway,Shortcut
1998-09-02,0.007819548872180462,Luigi Raceway,Shortcut
1998-10-08,0.019348370927318365,Luigi Raceway,Shortcut
1999-04-15,0.03829573934837086,Luigi Raceway,Shortcut
1999-11-02,0.05022556390977435,Luigi Raceway,Shortcut
2000-11-19,0.05373433583959899,Luigi Raceway,Shortcut
2012-08-30,0.06977443609022564,Luigi Raceway,Shortcut
2012-08-31,0.08150375939849619,Luigi Raceway,Shortcut
2017-04-25,0.1308270676691729,Luigi Raceway,Shortcut
1998-01-14,0,Moo Moo Farm,No Shortcut
1998-09-11,0.0024133391838525547,Moo Moo Farm,No Shortcut
1998-09-26,0.011189118034225494,Moo Moo Farm,No Shortcut
1999-09-20,0.0268758227292671,Moo Moo Farm,No Shortcut
2000-06-26,0.027972795085563815,Moo Moo Farm,No Shortcut
2000-08-21,0.02874067573497153,Moo Moo Farm,No Shortcut
2000-10-05,0.029837648091268088,Moo Moo Farm,No Shortcut
2002-04-26,0.03192189556823164,Moo Moo Farm,No Shortcut
2002-04-30,0.03345765686704692,Moo Moo Farm,No Shortcut
2003-03-28,0.03411584028082492,Moo Moo Farm,No Shortcut
2003-03-28,0.035432207108380756,Moo Moo Farm,No Shortcut
2003-04-03,0.03674857393593675,Moo Moo Farm,No Shortcut
2003-04-28,0.03839403247038175,Moo Moo Farm,No Shortcut
2005-03-14,0.039929793769197024,Moo Moo Farm,No Shortcut
2005-03-14,0.0417946467749013,Moo Moo Farm,No Shortcut
2007-03-07,0.04497586660816141,Moo Moo Farm,No Shortcut
2010-05-24,0.045524352786309695,Moo Moo Farm,No Shortcut
2010-05-25,0.04629223343571741,Moo Moo Farm,No Shortcut
2010-06-03,0.04662132514260641,Moo Moo Farm,No Shortcut
2010-06-05,0.04892496709082925,Moo Moo Farm,No Shortcut
2010-08-06,0.05057042562527424,Moo Moo Farm,No Shortcut
2010-11-01,0.05177709521720052,Moo Moo Farm,No Shortcut
2012-12-22,0.052435278630978514,Moo Moo Farm,No Shortcut
2013-12-19,0.052654673102237794,Moo Moo Farm,No Shortcut
2015-09-19,0.05451952610794207,Moo Moo Farm,No Shortcut
2015-10-12,0.05506801228609035,Moo Moo Farm,No Shortcut
2018-12-09,0.05660377358490563,Moo Moo Farm,No Shortcut
2019-04-18,0.05693286529179462,Moo Moo Farm,No Shortcut
2019-05-27,0.057261956998683625,Moo Moo Farm,No Shortcut
2020-02-18,0.05737165423431319,Moo Moo Farm,No Shortcut
1998-09-11,0,Koopa Troopa Beach,No Shortcut
1998-09-28,0.001318057386190768,Koopa Troopa Beach,No Shortcut
1998-10-02,0.0036500050694513357,Koopa Troopa Beach,No Shortcut
1999-08-14,0.011051404238061478,Koopa Troopa Beach,No Shortcut
1999-09-29,0.011152793267768371,Koopa Troopa Beach,No Shortcut
1999-09-30,0.011254182297475265,Koopa Troopa Beach,No Shortcut
1999-09-30,0.011558349386596233,Koopa Troopa Beach,No Shortcut
1999-10-02,0.012977795802494183,Koopa Troopa Beach,No Shortcut
1999-10-03,0.013281962891615151,Koopa Troopa Beach,No Shortcut
1999-10-03,0.014498631248098881,Koopa Troopa Beach,No Shortcut
1999-10-03,0.015918077663996687,Koopa Troopa Beach,No Shortcut
1999-10-09,0.018047247287843467,Koopa Troopa Beach,No Shortcut
2003-11-03,0.025347257426746428,Koopa Troopa Beach,No Shortcut
2004-09-06,0.026969481902058164,Koopa Troopa Beach,No Shortcut
2005-02-08,0.0275778160803001,Koopa Troopa Beach,No Shortcut
2011-03-09,0.0275778160803001,Koopa Troopa Beach,No Shortcut
2011-03-13,0.02778059413971403,Koopa Troopa Beach,No Shortcut
2011-03-15,0.02838892831795597,Koopa Troopa Beach,No Shortcut
2012-01-22,0.030011152793267708,Koopa Troopa Beach,No Shortcut
2013-09-15,0.030011152793267708,Koopa Troopa Beach,No Shortcut
2013-09-15,0.030213930852681637,Koopa Troopa Beach,No Shortcut
2016-06-30,0.030416708912095712,Koopa Troopa Beach,No Shortcut
2017-01-15,0.030619486971509645,Koopa Troopa Beach,No Shortcut
2017-02-05,0.03072087600121668,Koopa Troopa Beach,No Shortcut
2017-02-19,0.03072087600121668,Koopa Troopa Beach,No Shortcut
2017-08-06,0.031430599209165515,Koopa Troopa Beach,No Shortcut
2017-08-17,0.031531988238872405,Koopa Troopa Beach,No Shortcut
2017-11-23,0.03183615532799337,Koopa Troopa Beach,No Shortcut
2018-01-06,0.031937544357700555,Koopa Troopa Beach,No Shortcut
2018-03-04,0.03203893338740745,Koopa Troopa Beach,No Shortcut
2018-03-05,0.03214032241711434,Koopa Troopa Beach,No Shortcut
2018-03-06,0.03224171144682138,Koopa Troopa Beach,No Shortcut
2018-03-07,0.03244448950623531,Koopa Troopa Beach,No Shortcut
2019-03-03,0.03244448950623531,Koopa Troopa Beach,No Shortcut
2019-11-29,0.03264726756564939,Koopa Troopa Beach,No Shortcut
2019-12-10,0.03264726756564939,Koopa Troopa Beach,No Shortcut
2020-06-11,0.03305282368447725,Koopa Troopa Beach,No Shortcut
2020-07-05,0.033154212714184284,Koopa Troopa Beach,No Shortcut
2020-07-05,0.033661157862719185,Koopa Troopa Beach,No Shortcut
2020-07-13,0.03386393592213326,Koopa Troopa Beach,No Shortcut
2020-07-13,0.03426949204096112,Koopa Troopa Beach,No Shortcut
1998-08-20,0,Kalimari Desert,No Shortcut
1998-09-11,1.558603491270403e-4,Kalimari Desert,No Shortcut
1998-09-13,7.793017456358659e-4,Kalimari Desert,No Shortcut
1998-09-29,0.0015586034912717318,Kalimari Desert,No Shortcut
1998-10-01,0.0031172069825435747,Kalimari Desert,No Shortcut
1998-10-02,0.0032730673316707258,Kalimari Desert,No Shortcut
1998-10-17,0.0038965087281795513,Kalimari Desert,No Shortcut
1998-10-20,0.006468204488778042,Kalimari Desert,No Shortcut
1999-01-12,0.009585411471321616,Kalimari Desert,No Shortcut
2000-02-13,0.01706670822942642,Kalimari Desert,No Shortcut
2002-06-24,0.017222568578553567,Kalimari Desert,No Shortcut
2003-04-30,0.018079800498753067,Kalimari Desert,No Shortcut
2003-08-29,0.020339775561097253,Kalimari Desert,No Shortcut
2003-08-31,0.020807356608478707,Kalimari Desert,No Shortcut
2004-06-18,0.021508728179551052,Kalimari Desert,No Shortcut
2008-02-24,0.021586658354114684,Kalimari Desert,No Shortcut
2008-02-25,0.023301122194513676,Kalimari Desert,No Shortcut
2012-01-23,0.02369077306733161,Kalimari Desert,No Shortcut
2012-01-24,0.024548004987531107,Kalimari Desert,No Shortcut
2012-08-14,0.024548004987531107,Kalimari Desert,No Shortcut
2013-10-05,0.02485972568578552,Kalimari Desert,No Shortcut
2013-10-15,0.02517144638403982,Kalimari Desert,No Shortcut
2013-10-24,0.025327306733167083,Kalimari Desert,No Shortcut
2014-01-22,0.02610660847880295,Kalimari Desert,No Shortcut
2014-01-23,0.027041770573566076,Kalimari Desert,No Shortcut
2015-11-01,0.027119700748129597,Kalimari Desert,No Shortcut
2015-11-02,0.02750935162094753,Kalimari Desert,No Shortcut
2015-11-05,0.02844451371571066,Kalimari Desert,No Shortcut
2015-11-06,0.02992518703241887,Kalimari Desert,No Shortcut
2015-11-07,0.03015897755610965,Kalimari Desert,No Shortcut
2015-11-10,0.030938279301745628,Kalimari Desert,No Shortcut
2015-11-16,0.03109413965087278,Kalimari Desert,No Shortcut
2015-11-17,0.03109413965087278,Kalimari Desert,No Shortcut
2015-11-24,0.03117206982543641,Kalimari Desert,No Shortcut
2016-02-12,0.03132793017456356,Kalimari Desert,No Shortcut
2016-02-12,0.03179551122194513,Kalimari Desert,No Shortcut
2016-10-15,0.03187344139650865,Kalimari Desert,No Shortcut
2018-01-10,0.03187344139650865,Kalimari Desert,No Shortcut
2018-03-13,0.03202930174563591,Kalimari Desert,No Shortcut
2018-03-15,0.033042394014962555,Kalimari Desert,No Shortcut
2018-03-23,0.0337437655860349,Kalimari Desert,No Shortcut
2018-04-20,0.03413341645885284,Kalimari Desert,No Shortcut
1999-06-14,0,Kalimari Desert,Shortcut
1999-08-07,0.011200370770894617,Kalimari Desert,Shortcut
2000-11-18,0.02610845048663687,Kalimari Desert,Shortcut
2000-11-18,0.027421597404603825,Kalimari Desert,Shortcut
2010-02-20,0.03336938050363052,Kalimari Desert,Shortcut
2010-02-21,0.03669086976672342,Kalimari Desert,Shortcut
2010-12-17,0.0378495288119883,Kalimari Desert,Shortcut
2012-07-18,0.04240692105669712,Kalimari Desert,Shortcut
2012-07-27,0.04426077552912099,Kalimari Desert,Shortcut
2015-03-08,0.049049899582882805,Kalimari Desert,Shortcut
2016-04-09,0.051289973737061754,Kalimari Desert,Shortcut
2017-12-13,0.054070755445697616,Kalimari Desert,Shortcut
2020-01-20,0.05824192800865136,Kalimari Desert,Shortcut
1998-09-11,0,Toad's Turnpike,No Shortcut
1998-09-13,0.0010405827263267305,Toad's Turnpike,No Shortcut
1998-09-22,0.003559888274275731,Toad's Turnpike,No Shortcut
1998-10-19,0.0037241908100115384,Toad's Turnpike,No Shortcut
1998-10-24,0.004983843583985961,Toad's Turnpike,No Shortcut
1999-01-29,0.007229311572375229,Toad's Turnpike,No Shortcut
1999-04-02,0.007448381620023077,Toad's Turnpike,No Shortcut
1999-04-28,0.008543731858261691,Toad's Turnpike,No Shortcut
1999-06-02,0.009584314584588423,Toad's Turnpike,No Shortcut
1999-11-03,0.012048852620625538,Toad's Turnpike,No Shortcut
2000-02-15,0.014075250561366959,Toad's Turnpike,No Shortcut
2000-03-03,0.015006298263869922,Toad's Turnpike,No Shortcut
2003-05-05,0.01621118352593246,Toad's Turnpike,No Shortcut
2004-09-13,0.017361301276082958,Toad's Turnpike,No Shortcut
2004-10-30,0.017744673859466615,Toad's Turnpike,No Shortcut
2004-10-30,0.01829234897858592,Toad's Turnpike,No Shortcut
2004-10-30,0.01911386165726496,Toad's Turnpike,No Shortcut
2010-01-09,0.019442466728736577,Toad's Turnpike,No Shortcut
2010-01-09,0.020099676871679652,Toad's Turnpike,No Shortcut
2012-07-24,0.020318746919327498,Toad's Turnpike,No Shortcut
2012-09-16,0.020647351990799114,Toad's Turnpike,No Shortcut
2013-02-14,0.020811654526534922,Toad's Turnpike,No Shortcut
2014-03-23,0.02097595706227073,Toad's Turnpike,No Shortcut
2014-07-29,0.021687934717125844,Toad's Turnpike,No Shortcut
2017-01-31,0.022509447395804884,Toad's Turnpike,No Shortcut
2017-12-28,0.02261898241962865,Toad's Turnpike,No Shortcut
2017-12-28,0.022947587491100267,Toad's Turnpike,No Shortcut
2017-12-28,0.023385727586395805,Toad's Turnpike,No Shortcut
2019-01-08,0.02371433265786742,Toad's Turnpike,No Shortcut
2019-01-24,0.023933402705515115,Toad's Turnpike,No Shortcut
2019-03-06,0.023988170217426996,Toad's Turnpike,No Shortcut
2019-07-23,0.023988170217426996,Toad's Turnpike,No Shortcut
2019-11-20,0.024152472753162804,Toad's Turnpike,No Shortcut
2020-06-11,0.024371542800810653,Toad's Turnpike,No Shortcut
2020-06-15,0.02448107782463442,Toad's Turnpike,No Shortcut
2020-09-12,0.024700147872282266,Toad's Turnpike,No Shortcut
2020-09-13,0.02486445040801792,Toad's Turnpike,No Shortcut
2020-09-19,0.025138287967577652,Toad's Turnpike,No Shortcut
2020-09-19,0.025193055479489534,Toad's Turnpike,No Shortcut
2020-09-20,0.025466893039049268,Toad's Turnpike,No Shortcut
2020-09-25,0.025466893039049268,Toad's Turnpike,No Shortcut
2020-09-28,0.026233638205816267,Toad's Turnpike,No Shortcut
1998-09-22,0,Toad's Turnpike,Shortcut
1998-09-30,0.005739007593148433,Toad's Turnpike,Shortcut
1999-04-18,0.011124845488257028,Toad's Turnpike,Shortcut
1999-04-18,0.012096062157866771,Toad's Turnpike,Shortcut
1999-04-18,0.01227264700688669,Toad's Turnpike,Shortcut
1999-04-18,0.01315557125198641,Toad's Turnpike,Shortcut
1999-05-18,0.013685325799046293,Toad's Turnpike,Shortcut
1999-05-18,0.01615751368532566,Toad's Turnpike,Shortcut
1999-10-31,0.018629701571605026,Toad's Turnpike,Shortcut
2000-04-27,0.019071163694155013,Toad's Turnpike,Shortcut
2001-03-16,0.019954087939254732,Toad's Turnpike,Shortcut
2003-09-26,0.024192124315733542,Toad's Turnpike,Shortcut
2004-03-03,0.027547236447112756,Toad's Turnpike,Shortcut
2009-10-16,0.03434575313438095,Toad's Turnpike,Shortcut
2013-05-15,0.034610630407910896,Toad's Turnpike,Shortcut
2013-07-30,0.0359350167755606,Toad's Turnpike,Shortcut
2014-09-14,0.03637647889811046,Toad's Turnpike,Shortcut
2016-03-09,0.03699452586968036,Toad's Turnpike,Shortcut
2020-06-18,0.03717111071870028,Toad's Turnpike,Shortcut
2020-08-05,0.47554299841073633,Toad's Turnpike,Shortcut
2020-08-05,0.5177467773265054,Toad's Turnpike,Shortcut
2020-08-05,0.5434398728589087,Toad's Turnpike,Shortcut
2020-08-05,0.5438813349814586,Toad's Turnpike,Shortcut
2020-08-05,0.5471481546883277,Toad's Turnpike,Shortcut
2020-08-05,0.553770086526576,Toad's Turnpike,Shortcut
2020-08-05,0.5603920183648242,Toad's Turnpike,Shortcut
2020-08-05,0.5678085820236624,Toad's Turnpike,Shortcut
2020-08-05,0.5709871093060215,Toad's Turnpike,Shortcut
2020-08-05,0.5718700335511212,Toad's Turnpike,Shortcut
2020-08-05,0.5734592971923008,Toad's Turnpike,Shortcut
2020-08-05,0.5774324562952499,Toad's Turnpike,Shortcut
2020-08-05,0.5798163517570192,Toad's Turnpike,Shortcut
2020-08-06,0.5799046441815292,Toad's Turnpike,Shortcut
2020-08-07,0.5893519336040968,Toad's Turnpike,Shortcut
2020-08-07,0.5906763199717464,Toad's Turnpike,Shortcut
2020-08-07,0.592707045735476,Toad's Turnpike,Shortcut
2020-08-07,0.5942080169521454,Toad's Turnpike,Shortcut
2020-08-07,0.6016245806109835,Toad's Turnpike,Shortcut
2020-08-07,0.6021543351580434,Toad's Turnpike,Shortcut
2020-08-07,0.6024192124315734,Toad's Turnpike,Shortcut
1997-12-14,0,Frappe Snowland,No Shortcut
1998-03-09,0.007395626242544786,Frappe Snowland,No Shortcut
1998-09-04,0.009781312127236612,Frappe Snowland,No Shortcut
1998-09-06,0.010178926441351897,Frappe Snowland,No Shortcut
1998-09-11,0.01479125248508946,Frappe Snowland,No Shortcut
1998-09-22,0.015825049701789225,Frappe Snowland,No Shortcut
1998-10-02,0.016063618290258416,Frappe Snowland,No Shortcut
1998-09-28,0.01741550695825048,Frappe Snowland,No Shortcut
1999-01-19,0.025765407554671927,Frappe Snowland,No Shortcut
1999-02-14,0.029264413518886735,Frappe Snowland,No Shortcut
1999-04-19,0.029423459244532827,Frappe Snowland,No Shortcut
2002-07-01,0.032683896620278326,Frappe Snowland,No Shortcut
2003-04-18,0.03443339960238567,Frappe Snowland,No Shortcut
2003-07-03,0.03459244532803176,Frappe Snowland,No Shortcut
2003-07-03,0.03530815109343934,Frappe Snowland,No Shortcut
2003-07-10,0.03594433399602383,Frappe Snowland,No Shortcut
2006-01-15,0.03761431411530818,Frappe Snowland,No Shortcut
2008-03-14,0.037932405566600366,Frappe Snowland,No Shortcut
2011-11-23,0.03801192842942347,Frappe Snowland,No Shortcut
2011-11-27,0.03920477137176944,Frappe Snowland,No Shortcut
2011-12-16,0.03952286282306162,Frappe Snowland,No Shortcut
2013-02-06,0.0401590457256461,Frappe Snowland,No Shortcut
2014-11-07,0.04135188866799207,Frappe Snowland,No Shortcut
2014-11-07,0.04182902584493046,Frappe Snowland,No Shortcut
2015-02-10,0.04206759443339965,Frappe Snowland,No Shortcut
2015-02-17,0.04214711729622264,Frappe Snowland,No Shortcut
2015-05-16,0.042226640159045745,Frappe Snowland,No Shortcut
2015-05-28,0.04262425447316103,Frappe Snowland,No Shortcut
2015-07-31,0.04302186878727631,Frappe Snowland,No Shortcut
2015-11-26,0.043101391650099415,Frappe Snowland,No Shortcut
2015-11-30,0.0434990059642147,Frappe Snowland,No Shortcut
2016-03-23,0.043817097415506996,Frappe Snowland,No Shortcut
2016-04-05,0.044055666003976195,Frappe Snowland,No Shortcut
2016-04-09,0.04437375745526838,Frappe Snowland,No Shortcut
2016-04-20,0.04445328031809148,Frappe Snowland,No Shortcut
2016-07-13,0.04524850894632205,Frappe Snowland,No Shortcut
2017-12-18,0.045407554671968144,Frappe Snowland,No Shortcut
2017-12-18,0.045646123260437335,Frappe Snowland,No Shortcut
2017-12-21,0.04572564612326044,Frappe Snowland,No Shortcut
2017-12-23,0.046123260437375725,Frappe Snowland,No Shortcut
1998-12-01,0,Frappe Snowland,Shortcut
1998-12-04,0.0011164867882397147,Frappe Snowland,Shortcut
1998-12-10,0.004093784890212111,Frappe Snowland,Shortcut
1998-12-12,0.010048381094157037,Frappe Snowland,Shortcut
1999-02-14,0.010792705619650268,Frappe Snowland,Shortcut
1999-04-25,0.01898027540007449,Frappe Snowland,Shortcut
2001-07-15,0.01898027540007449,Frappe Snowland,Shortcut
2002-07-30,0.019352437662820972,Frappe Snowland,Shortcut
2002-07-30,0.021213248976553786,Frappe Snowland,Shortcut
2002-07-30,0.021957573502046888,Frappe Snowland,Shortcut
2002-07-30,0.024190547078526317,Frappe Snowland,Shortcut
2005-03-27,0.02791216970599181,Frappe Snowland,Shortcut
2007-08-22,0.029400818756978142,Frappe Snowland,Shortcut
2010-12-19,0.03312244138444364,Frappe Snowland,Shortcut
2011-02-16,0.03312244138444364,Frappe Snowland,Shortcut
2011-04-23,0.034611090435429835,Frappe Snowland,Shortcut
2011-04-25,0.03572757722366955,Frappe Snowland,Shortcut
2011-05-02,0.03609973948641616,Frappe Snowland,Shortcut
2012-06-30,0.03684406401190927,Frappe Snowland,Shortcut
2012-07-19,0.037588388537402366,Frappe Snowland,Shortcut
2012-11-23,0.037588388537402366,Frappe Snowland,Shortcut
2018-10-13,0.04131001116486786,Frappe Snowland,Shortcut
2020-12-21,0.11462597692593977,Frappe Snowland,Shortcut
2020-12-25,0.11537030145143287,Frappe Snowland,Shortcut
2020-12-28,0.11760327502791217,Frappe Snowland,Shortcut
2021-01-07,0.1198362486043916,Frappe Snowland,Shortcut
2021-01-08,0.1213248976553778,Frappe Snowland,Shortcut
1998-07-21,0,Choco Mountain,No Shortcut
1998-08-20,0.0014981273408240267,Choco Mountain,No Shortcut
1998-08-26,0.001997503121098702,Choco Mountain,No Shortcut
1998-09-01,0.0027465667915107157,Choco Mountain,No Shortcut
1998-09-02,0.003329171868497758,Choco Mountain,No Shortcut
1998-09-11,0.003828547648772434,Choco Mountain,No Shortcut
1998-09-13,0.005243445692883857,Choco Mountain,No Shortcut
1998-09-22,0.0068248023304203695,Choco Mountain,No Shortcut
1998-09-28,0.007823553890969602,Choco Mountain,No Shortcut
1998-10-11,0.009155222638368776,Choco Mountain,No Shortcut
1998-12-12,0.009737827715355937,Choco Mountain,No Shortcut
1998-12-15,0.01073657927590517,Choco Mountain,No Shortcut
1998-12-23,0.012234706616729079,Choco Mountain,No Shortcut
1998-12-24,0.013816063254265473,Choco Mountain,No Shortcut
1999-01-01,0.017894298793175244,Choco Mountain,No Shortcut
1999-05-05,0.018476903870162285,Choco Mountain,No Shortcut
1999-05-18,0.019309196837286786,Choco Mountain,No Shortcut
1999-05-18,0.020640865584685843,Choco Mountain,No Shortcut
1999-05-20,0.021556387848522707,Choco Mountain,No Shortcut
1999-06-14,0.023220973782771586,Choco Mountain,No Shortcut
2003-07-16,0.024469413233458158,Choco Mountain,No Shortcut
2004-07-06,0.02630045776113189,Choco Mountain,No Shortcut
2012-04-08,0.03329171868497711,Choco Mountain,No Shortcut
2013-12-01,0.03337494798168959,Choco Mountain,No Shortcut
2016-07-21,0.033874323761964274,Choco Mountain,No Shortcut
2019-01-26,0.03412401165210161,Choco Mountain,No Shortcut
2019-03-20,0.03412401165210161,Choco Mountain,No Shortcut
2019-03-20,0.0345401581356638,Choco Mountain,No Shortcut
2020-06-11,0.03478984602580114,Choco Mountain,No Shortcut
2020-07-12,0.03478984602580114,Choco Mountain,No Shortcut
2020-07-14,0.03512276321265084,Choco Mountain,No Shortcut
1998-10-08,0,Choco Mountain,Shortcut
1998-10-08,1.1971746677846421e-4,Choco Mountain,Shortcut
1998-12-01,0.002753501735903316,Choco Mountain,Shortcut
1999-05-25,0.016161858015084334,Choco Mountain,Shortcut
1999-06-04,0.02238716628756141,Choco Mountain,Shortcut
1999-09-10,0.02262660122111817,Choco Mountain,Shortcut
2002-08-25,0.028851909493595073,Choco Mountain,Shortcut
2002-09-03,0.029091344427152003,Choco Mountain,Shortcut
2002-09-03,0.031006823895606408,Choco Mountain,Shortcut
2007-04-15,0.10092182449419378,Choco Mountain,Shortcut
2007-05-08,0.13204836585657848,Choco Mountain,Shortcut
2014-11-09,0.14354124266730528,Choco Mountain,Shortcut
2014-11-10,0.24362504489405007,Choco Mountain,Shortcut
2015-01-16,0.363342511672453,Choco Mountain,Shortcut
2020-03-01,0.7898958458039028,Choco Mountain,Shortcut
1997-11-11,0,Mario Raceway,No Shortcut
1997-11-19,0.002406738868832719,Mario Raceway,No Shortcut
1998-01-05,0.005579258286839415,Mario Raceway,No Shortcut
1998-02-06,0.007985997155672135,Mario Raceway,No Shortcut
1998-03-08,0.008642380483535632,Mario Raceway,No Shortcut
1998-07-16,0.011158516573678985,Mario Raceway,No Shortcut
1998-10-02,0.01258068045071646,Mario Raceway,No Shortcut
1998-11-26,0.01586259709003379,Mario Raceway,No Shortcut
1998-12-15,0.016300185975276174,Mario Raceway,No Shortcut
1999-03-02,0.0208948692703205,Mario Raceway,No Shortcut
1999-09-11,0.022973416475221466,Mario Raceway,No Shortcut
2000-02-29,0.023957991467016715,Mario Raceway,No Shortcut
2000-11-01,0.025380155344054186,Mario Raceway,No Shortcut
2001-10-10,0.026255333114538797,Mario Raceway,No Shortcut
2002-02-18,0.026583524778470546,Mario Raceway,No Shortcut
2002-02-26,0.026911716442402294,Mario Raceway,No Shortcut
2002-08-25,0.027786894212886906,Mario Raceway,No Shortcut
2003-04-08,0.028443277540750402,Mario Raceway,No Shortcut
2003-04-24,0.029318455311235014,Mario Raceway,No Shortcut
2003-07-02,0.031068810852204393,Mario Raceway,No Shortcut
2003-07-07,0.03249097472924187,Mario Raceway,No Shortcut
2004-09-06,0.03358494694234759,Mario Raceway,No Shortcut
2005-09-05,0.03391313860627934,Mario Raceway,No Shortcut
2006-01-22,0.03489771359807459,Mario Raceway,No Shortcut
2007-04-09,0.036101083032490947,Mario Raceway,No Shortcut
2007-06-14,0.03621048025380158,Mario Raceway,No Shortcut
2007-08-08,0.03675746636035444,Mario Raceway,No Shortcut
2007-08-26,0.03708565802428619,Mario Raceway,No Shortcut
2011-08-16,0.037632644130839055,Mario Raceway,No Shortcut
2013-11-17,0.037632644130839055,Mario Raceway,No Shortcut
2014-01-13,0.037742041352149536,Mario Raceway,No Shortcut
2015-04-19,0.037742041352149536,Mario Raceway,No Shortcut
2015-09-19,0.038507821901323666,Mario Raceway,No Shortcut
2016-04-03,0.038507821901323666,Mario Raceway,No Shortcut
2016-07-28,0.038836013565255414,Mario Raceway,No Shortcut
2016-10-06,0.03894541078656605,Mario Raceway,No Shortcut
2016-10-16,0.03938299967180828,Mario Raceway,No Shortcut
2016-10-26,0.03938299967180828,Mario Raceway,No Shortcut
2016-11-11,0.04014878022098241,Mario Raceway,No Shortcut
2018-01-25,0.04036757466360352,Mario Raceway,No Shortcut
2018-01-25,0.04069576632753527,Mario Raceway,No Shortcut
2018-01-26,0.0411333552127775,Mario Raceway,No Shortcut
2018-03-07,0.041242752434088134,Mario Raceway,No Shortcut
2019-02-10,0.041242752434088134,Mario Raceway,No Shortcut
2020-06-11,0.04135214965539877,Mario Raceway,No Shortcut
2020-07-25,0.04189913576195163,Mario Raceway,No Shortcut
2020-07-27,0.04222732742588338,Mario Raceway,No Shortcut
2020-08-13,0.04266491631112561,Mario Raceway,No Shortcut
1997-12-14,0,Mario Raceway,Shortcut
1998-12-14,0.006890072032571214,Mario Raceway,Shortcut
2006-09-09,0.036955840901973055,Mario Raceway,Shortcut
2009-07-03,0.03711243344816783,Mario Raceway,Shortcut
2009-07-08,0.03805198872533667,Mario Raceway,Shortcut
2009-07-18,0.04071406201064832,Mario Raceway,Shortcut
2010-02-04,0.04274976511118066,Mario Raceway,Shortcut
2012-09-04,0.04290635765737554,Mario Raceway,Shortcut
2012-09-07,0.04447228311932346,Mario Raceway,Shortcut
2013-09-04,0.04619480112746638,Mario Raceway,Shortcut
2014-07-31,0.0477607265894143,Mario Raceway,Shortcut
2017-11-10,0.050266207328531175,Mario Raceway,Shortcut
2021-02-25,0.08409019730660816,Mario Raceway,Shortcut
1997-12-27,0,Wario Stadium,No Shortcut
1998-07-21,0.004547108039287014,Wario Stadium,No Shortcut
1998-07-31,0.007166242269916226,Wario Stadium,No Shortcut
1998-07-31,0.013241178610403736,Wario Stadium,No Shortcut
1998-08-20,0.013823208439432357,Wario Stadium,No Shortcut
1998-09-01,0.014950891233175544,Wario Stadium,No Shortcut
1998-09-06,0.015096398690432803,Wario Stadium,No Shortcut
1998-09-11,0.01924336122226251,Wario Stadium,No Shortcut
1998-09-22,0.0198617679156056,Wario Stadium,No Shortcut
1998-10-08,0.021062204437977315,Wario Stadium,No Shortcut
1998-10-24,0.024081484176064042,Wario Stadium,No Shortcut
1998-11-26,0.026700618406693254,Wario Stadium,No Shortcut
1999-02-21,0.027137140778464824,Wario Stadium,No Shortcut
1999-02-27,0.028555838486722322,Wario Stadium,No Shortcut
1999-05-04,0.03055656602400865,Wario Stadium,No Shortcut
1999-11-12,0.033393961440523645,Wario Stadium,No Shortcut
2002-01-22,0.033684976355038164,Wario Stadium,No Shortcut
2002-02-10,0.036013095671153066,Wario Stadium,No Shortcut
2002-02-10,0.037759185158239346,Wario Stadium,No Shortcut
2004-09-10,0.040632957439068605,Wario Stadium,No Shortcut
2005-02-09,0.042088032011640575,Wario Stadium,No Shortcut
2005-04-14,0.042670061840669196,Wario Stadium,No Shortcut
2009-06-28,0.042851946162240716,Wario Stadium,No Shortcut
2009-07-05,0.04328846853401229,Wario Stadium,No Shortcut
2011-01-25,0.04328846853401229,Wario Stadium,No Shortcut
2011-01-26,0.04328846853401229,Wario Stadium,No Shortcut
2011-01-26,0.043652237177155336,Wario Stadium,No Shortcut
2011-01-27,0.044488905056384004,Wario Stadium,No Shortcut
2011-01-30,0.0451073117497271,Wario Stadium,No Shortcut
2011-02-01,0.0455074572571844,Wario Stadium,No Shortcut
2011-02-02,0.04754456165878499,Wario Stadium,No Shortcut
2013-03-01,0.04801746089487083,Wario Stadium,No Shortcut
2014-11-25,0.04809021462349935,Wario Stadium,No Shortcut
2014-11-27,0.04859949072389945,Wario Stadium,No Shortcut
2016-01-24,0.04878137504547097,Wario Stadium,No Shortcut
2016-01-24,0.04907238995998528,Wario Stadium,No Shortcut
2016-01-24,0.0497635503819569,Wario Stadium,No Shortcut
2016-01-25,0.049981811567842684,Wario Stadium,No Shortcut
2016-09-26,0.0501636958894142,Wario Stadium,No Shortcut
2016-09-26,0.05092761004001455,Wario Stadium,No Shortcut
2016-10-02,0.05147326300472892,Wario Stadium,No Shortcut
2016-10-03,0.05165514732630044,Wario Stadium,No Shortcut
2016-10-04,0.05176427791924323,Wario Stadium,No Shortcut
2016-10-06,0.05245543834121484,Wario Stadium,No Shortcut
2017-06-30,0.052491815205529105,Wario Stadium,No Shortcut
2017-12-15,0.052673699527100624,Wario Stadium,No Shortcut
2019-05-05,0.054056020371043866,Wario Stadium,No Shortcut
2019-10-11,0.05416515096398686,Wario Stadium,No Shortcut
1997-11-03,0,Wario Stadium,Shortcut
1998-01-14,0.03270564915758177,Wario Stadium,Shortcut
2002-08-22,0.23290386521308223,Wario Stadium,Shortcut
2006-05-25,0.2507433102081269,Wario Stadium,Shortcut
2010-12-28,0.26313181367690786,Wario Stadium,Shortcut
2014-05-18,0.26808721506442024,Wario Stadium,Shortcut
2015-01-26,0.2715559960356789,Wario Stadium,Shortcut
1997-12-14,0,Sherbet Land,No Shortcut
1998-03-09,0.006654617154124238,Sherbet Land,No Shortcut
1998-09-22,0.01437725928360171,Sherbet Land,No Shortcut
1998-10-02,0.014623726585606319,Sherbet Land,No Shortcut
1998-11-26,0.016020374630298952,Sherbet Land,No Shortcut
1998-12-16,0.017827801511666134,Sherbet Land,No Shortcut
1998-12-23,0.019224449556358884,Sherbet Land,No Shortcut
1999-02-21,0.022017745645744387,Sherbet Land,No Shortcut
1999-06-05,0.026454157081827134,Sherbet Land,No Shortcut
1999-10-08,0.026536312849161928,Sherbet Land,No Shortcut
1999-10-08,0.027193558987840965,Sherbet Land,No Shortcut
1999-10-08,0.03031547814656587,Sherbet Land,No Shortcut
1999-10-08,0.031219191587249402,Sherbet Land,No Shortcut
1999-10-14,0.031301347354584313,Sherbet Land,No Shortcut
1999-10-14,0.03171212619125862,Sherbet Land,No Shortcut
1999-10-14,0.03195859349326323,Sherbet Land,No Shortcut
1999-10-31,0.03343739730529077,Sherbet Land,No Shortcut
2000-02-08,0.035573447255997356,Sherbet Land,No Shortcut
2000-02-15,0.036148537627341486,Sherbet Land,No Shortcut
2000-08-31,0.03803812027604334,Sherbet Land,No Shortcut
2000-08-31,0.03853105488005256,Sherbet Land,No Shortcut
2002-06-17,0.03894183371672699,Sherbet Land,No Shortcut
2003-06-19,0.040420637528754536,Sherbet Land,No Shortcut
2003-08-01,0.041488662504107765,Sherbet Land,No Shortcut
2003-08-01,0.04165297403877747,Sherbet Land,No Shortcut
2003-10-30,0.041817285573447285,Sherbet Land,No Shortcut
2005-06-29,0.04255668747946111,Sherbet Land,No Shortcut
2005-06-29,0.0427209990141307,Sherbet Land,No Shortcut
2005-06-29,0.04362471245481435,Sherbet Land,No Shortcut
2005-06-29,0.04477489319750237,Sherbet Land,No Shortcut
2006-01-22,0.045760762405520815,Sherbet Land,No Shortcut
2012-08-24,0.045760762405520815,Sherbet Land,No Shortcut
2012-08-24,0.04756818928688787,Sherbet Land,No Shortcut
2012-12-22,0.04789681235622739,Sherbet Land,No Shortcut
2013-02-06,0.048143279658232,Sherbet Land,No Shortcut
2014-11-24,0.049457771935589846,Sherbet Land,No Shortcut
2015-06-18,0.04986855077226416,Sherbet Land,No Shortcut
2016-06-28,0.04986855077226416,Sherbet Land,No Shortcut
2016-06-30,0.050279329608938585,Sherbet Land,No Shortcut
2016-06-30,0.050525796910943194,Sherbet Land,No Shortcut
2016-06-30,0.05060795267827799,Sherbet Land,No Shortcut
2016-07-02,0.050854419980282596,Sherbet Land,No Shortcut
2016-07-02,0.050854419980282596,Sherbet Land,No Shortcut
2016-07-09,0.05134735458429182,Sherbet Land,No Shortcut
2017-07-01,0.05151166611896152,Sherbet Land,No Shortcut
2017-07-09,0.051675977653631223,Sherbet Land,No Shortcut
2018-12-02,0.05241537955964505,Sherbet Land,No Shortcut
2018-12-05,0.05266184686164966,Sherbet Land,No Shortcut
2020-01-25,0.052826158396319475,Sherbet Land,No Shortcut
2020-01-29,0.053401248767663494,Sherbet Land,No Shortcut
2020-06-11,0.05356556030233319,Sherbet Land,No Shortcut
2020-06-19,0.0536477160696681,Sherbet Land,No Shortcut
2020-10-04,0.0536477160696681,Sherbet Land,No Shortcut
2021-01-10,0.0538120276043378,Sherbet Land,No Shortcut
2021-01-16,0.0538120276043378,Sherbet Land,No Shortcut
2021-01-26,0.05389418337167271,Sherbet Land,No Shortcut
2021-01-26,0.053976339139007505,Sherbet Land,No Shortcut
2020-10-12,0,Sherbet Land,Shortcut
2020-11-06,0.06129032258064517,Sherbet Land,Shortcut
1997-12-14,0,Royal Raceway,No Shortcut
1998-09-01,0.004002480410395059,Royal Raceway,No Shortcut
1998-09-02,0.004340718191555228,Royal Raceway,No Shortcut
1998-09-04,0.005411804498562375,Royal Raceway,No Shortcut
1998-09-06,0.005468177462089016,Royal Raceway,No Shortcut
1998-09-11,0.005693669316195901,Royal Raceway,No Shortcut
1998-09-13,0.005919161170302627,Royal Raceway,No Shortcut
1998-09-22,0.009921641580697848,Royal Raceway,No Shortcut
1998-12-16,0.011049100851231635,Royal Raceway,No Shortcut
1998-12-23,0.01206381419471214,Royal Raceway,No Shortcut
1999-01-29,0.012740289757032477,Royal Raceway,No Shortcut
1999-02-14,0.015953548678053917,Royal Raceway,No Shortcut
1999-10-27,0.021083488358982924,Royal Raceway,No Shortcut
2000-03-07,0.024860476915271417,Royal Raceway,No Shortcut
2003-07-07,0.02536783358701167,Royal Raceway,No Shortcut
2003-07-21,0.02570607136817184,Royal Raceway,No Shortcut
2003-09-14,0.027171768419865797,Royal Raceway,No Shortcut
2008-03-03,0.028750211398613196,Royal Raceway,No Shortcut
2012-12-11,0.028750211398613196,Royal Raceway,No Shortcut
2012-12-12,0.028862957325666478,Royal Raceway,No Shortcut
2012-12-12,0.02965217881504026,Royal Raceway,No Shortcut
2012-12-30,0.02965217881504026,Royal Raceway,No Shortcut
2013-01-11,0.029877670669146983,Royal Raceway,No Shortcut
2013-09-18,0.029934043632673785,Royal Raceway,No Shortcut
2013-10-19,0.029990416596200425,Royal Raceway,No Shortcut
2013-10-27,0.030215908450307152,Royal Raceway,No Shortcut
2013-10-28,0.030554146231467322,Royal Raceway,No Shortcut
2014-07-29,0.030723265122047403,Royal Raceway,No Shortcut
2014-07-29,0.031117875866734215,Royal Raceway,No Shortcut
2014-08-01,0.031794351429054554,Royal Raceway,No Shortcut
2016-11-23,0.031794351429054554,Royal Raceway,No Shortcut
2016-11-27,0.03196347031963463,Royal Raceway,No Shortcut
2016-11-27,0.0323017081007948,Royal Raceway,No Shortcut
2018-12-26,0.0323017081007948,Royal Raceway,No Shortcut
2019-01-09,0.03241445402784825,Royal Raceway,No Shortcut
2020-06-11,0.03269631884548161,Royal Raceway,No Shortcut
2020-06-11,0.03292181069958834,Royal Raceway,No Shortcut
2020-06-11,0.033203675517221864,Royal Raceway,No Shortcut
2020-06-11,0.03393652404306884,Royal Raceway,No Shortcut
2020-07-14,0.034162015897175727,Royal Raceway,No Shortcut
2020-07-16,0.03455662664186254,Royal Raceway,No Shortcut
2020-09-07,0.03461299960538918,Royal Raceway,No Shortcut
1997-12-14,0,Royal Raceway,Shortcut
1998-07-21,0.0024192289683158115,Royal Raceway,Shortcut
1998-09-22,0.011627906976744037,Royal Raceway,Shortcut
1999-03-21,0.0304354612142968,Royal Raceway,Shortcut
2003-08-23,0.04643358826283744,Royal Raceway,Shortcut
2005-03-22,0.05002341189324164,Royal Raceway,Shortcut
2007-07-28,0.055642266271265665,Royal Raceway,Shortcut
2008-07-13,0.060792882784454445,Royal Raceway,Shortcut
2008-07-13,0.06344623068518794,Royal Raceway,Shortcut
2014-08-09,0.06453878570313706,Royal Raceway,Shortcut
2015-04-28,0.06641173716247847,Royal Raceway,Shortcut
2016-07-17,0.06719213360387066,Royal Raceway,Shortcut
2016-07-31,0.06750429218042749,Royal Raceway,Shortcut
1998-01-14,0,Bowser's Castle,No Shortcut
1998-12-16,0.009743328728277491,Bowser's Castle,No Shortcut
1998-12-23,0.01010688577037748,Bowser's Castle,No Shortcut
1999-02-26,0.01526939576819599,Bowser's Castle,No Shortcut
1999-10-19,0.022976805060714003,Bowser's Castle,No Shortcut
2000-03-10,0.025158147313313516,Bowser's Castle,No Shortcut
2000-03-14,0.02603068421435332,Bowser's Castle,No Shortcut
2002-03-08,0.026612375481713055,Bowser's Castle,No Shortcut
2003-03-22,0.02668508689013297,Bowser's Castle,No Shortcut
2003-06-24,0.02668508689013297,Bowser's Castle,No Shortcut
2003-06-25,0.02908456336799244,Bowser's Castle,No Shortcut
2005-01-19,0.03148403984585191,Bowser's Castle,No Shortcut
2005-02-14,0.032429288155311625,Bowser's Castle,No Shortcut
2008-04-12,0.032720133788991496,Bowser's Castle,No Shortcut
2008-12-12,0.03366538209845121,Bowser's Castle,No Shortcut
2011-12-21,0.03453791899949102,Bowser's Castle,No Shortcut
2012-01-26,0.03490147604159101,Bowser's Castle,No Shortcut
2013-06-23,0.03526503308369079,Bowser's Castle,No Shortcut
2015-11-22,0.035774012942630606,Bowser's Castle,No Shortcut
2015-11-23,0.03621028139315051,Bowser's Castle,No Shortcut
2016-01-04,0.03628299280157063,Bowser's Castle,No Shortcut
2016-01-10,0.03664654984367041,Bowser's Castle,No Shortcut
2016-01-14,0.03686468406893036,Bowser's Castle,No Shortcut
2016-01-29,0.037300952519450266,Bowser's Castle,No Shortcut
2018-07-24,0.03737366392787039,Bowser's Castle,No Shortcut
2018-07-24,0.03817348942049007,Bowser's Castle,No Shortcut
2019-04-22,0.03817348942049007,Bowser's Castle,No Shortcut
2019-11-22,0.03831891223733011,Bowser's Castle,No Shortcut
2020-06-11,0.039046026321529884,Bowser's Castle,No Shortcut
2020-07-23,0.03977314040572965,Bowser's Castle,No Shortcut
2021-02-02,0.04020940885624955,Bowser's Castle,No Shortcut
1998-01-09,0,D.K.'s Jungle Parkway,No Shortcut
1998-01-12,0.006103978109871638,D.K.'s Jungle Parkway,No Shortcut
1998-01-14,0.006945906125026374,D.K.'s Jungle Parkway,No Shortcut
1998-08-02,0.008068476811899289,D.K.'s Jungle Parkway,No Shortcut
1998-09-13,0.009120886830842709,D.K.'s Jungle Parkway,No Shortcut
1998-09-26,0.010383778853574614,D.K.'s Jungle Parkway,No Shortcut
1998-09-27,0.011576510208377223,D.K.'s Jungle Parkway,No Shortcut
1998-10-02,0.014242615589700422,D.K.'s Jungle Parkway,No Shortcut
1998-11-18,0.016628078299305443,D.K.'s Jungle Parkway,No Shortcut
1999-01-29,0.02048691503543105,D.K.'s Jungle Parkway,No Shortcut
1999-03-20,0.023293341752613436,D.K.'s Jungle Parkway,No Shortcut
1999-05-20,0.023573984424331614,D.K.'s Jungle Parkway,No Shortcut
1999-06-03,0.025187679786711593,D.K.'s Jungle Parkway,No Shortcut
1999-06-03,0.02616992913772532,D.K.'s Jungle Parkway,No Shortcut
1999-06-03,0.02680137514909137,D.K.'s Jungle Parkway,No Shortcut
1999-06-03,0.02736266049252793,D.K.'s Jungle Parkway,No Shortcut
1999-07-12,0.03346663860239957,D.K.'s Jungle Parkway,No Shortcut
1999-10-24,0.03409808461376542,D.K.'s Jungle Parkway,No Shortcut
2001-08-21,0.04034238405949624,D.K.'s Jungle Parkway,No Shortcut
2002-05-06,0.04146495474636916,D.K.'s Jungle Parkway,No Shortcut
2003-03-15,0.04378025678804469,D.K.'s Jungle Parkway,No Shortcut
2003-04-10,0.04448186346734023,D.K.'s Jungle Parkway,No Shortcut
2003-04-14,0.04546411281835396,D.K.'s Jungle Parkway,No Shortcut
2003-06-24,0.0528309829509577,D.K.'s Jungle Parkway,No Shortcut
2003-07-03,0.05402371430576011,D.K.'s Jungle Parkway,No Shortcut
2003-07-08,0.055005963656774036,D.K.'s Jungle Parkway,No Shortcut
2003-07-14,0.05718094436259037,D.K.'s Jungle Parkway,No Shortcut
2003-08-18,0.05872447905704065,D.K.'s Jungle Parkway,No Shortcut
2005-08-01,0.05935592506840671,D.K.'s Jungle Parkway,No Shortcut
2006-07-15,0.06040833508735013,D.K.'s Jungle Parkway,No Shortcut
2006-08-05,0.060969620430786485,D.K.'s Jungle Parkway,No Shortcut
2006-08-05,0.06272363712902546,D.K.'s Jungle Parkway,No Shortcut
2011-01-05,0.06496877850277129,D.K.'s Jungle Parkway,No Shortcut
2012-01-30,0.06560022451413733,D.K.'s Jungle Parkway,No Shortcut
2013-10-05,0.0659510278537852,D.K.'s Jungle Parkway,No Shortcut
2013-10-06,0.06630183119343289,D.K.'s Jungle Parkway,No Shortcut
2014-05-28,0.06679295586893995,D.K.'s Jungle Parkway,No Shortcut
2014-05-29,0.06693327720479893,D.K.'s Jungle Parkway,No Shortcut
2014-08-19,0.06707359854065813,D.K.'s Jungle Parkway,No Shortcut
2014-08-24,0.06749456254823549,D.K.'s Jungle Parkway,No Shortcut
2015-03-04,0.06840665123131973,D.K.'s Jungle Parkway,No Shortcut
2015-03-07,0.06847681189924922,D.K.'s Jungle Parkway,No Shortcut
2015-03-10,0.0686872939030379,D.K.'s Jungle Parkway,No Shortcut
2016-03-06,0.06903809724268577,D.K.'s Jungle Parkway,No Shortcut
2016-10-09,0.06917841857854497,D.K.'s Jungle Parkway,No Shortcut
2016-10-31,0.07037114993334738,D.K.'s Jungle Parkway,No Shortcut
2017-10-08,0.07100259594471342,D.K.'s Jungle Parkway,No Shortcut
2018-02-10,0.0714235599522908,D.K.'s Jungle Parkway,No Shortcut
2018-03-17,0.0727566126429524,D.K.'s Jungle Parkway,No Shortcut
2018-03-19,0.07289693397881158,D.K.'s Jungle Parkway,No Shortcut
2018-05-12,0.07310741598260007,D.K.'s Jungle Parkway,No Shortcut
2018-05-23,0.07437030800533218,D.K.'s Jungle Parkway,No Shortcut
2018-11-20,0.07584368203185296,D.K.'s Jungle Parkway,No Shortcut
2019-12-31,0.0765452887111485,D.K.'s Jungle Parkway,No Shortcut
2002-08-02,0,D.K.'s Jungle Parkway,Shortcut
2002-08-02,0.010827532869296254,D.K.'s Jungle Parkway,Shortcut
2005-07-29,0.0270688321732405,D.K.'s Jungle Parkway,Shortcut
2007-05-13,0.0270688321732405,D.K.'s Jungle Parkway,Shortcut
2007-10-19,0.0440835266821346,D.K.'s Jungle Parkway,Shortcut
2007-10-19,0.05645784996133028,D.K.'s Jungle Parkway,Shortcut
2008-08-07,0.07076566125290017,D.K.'s Jungle Parkway,Shortcut
2009-08-04,0.07772621809744772,D.K.'s Jungle Parkway,Shortcut
2011-05-09,0.08971384377416862,D.K.'s Jungle Parkway,Shortcut
2011-09-07,0.09938128383604022,D.K.'s Jungle Parkway,Shortcut
2012-01-17,0.11368909512761012,D.K.'s Jungle Parkway,Shortcut
2012-07-02,0.1252900232018561,D.K.'s Jungle Parkway,Shortcut
2013-07-16,0.12877030162412986,D.K.'s Jungle Parkway,Shortcut
2020-01-23,0.15815931941221964,D.K.'s Jungle Parkway,Shortcut
2020-02-04,0.16357308584686778,D.K.'s Jungle Parkway,Shortcut
2020-02-20,0.17053364269141533,D.K.'s Jungle Parkway,Shortcut
2020-02-25,0.17440061871616389,D.K.'s Jungle Parkway,Shortcut
1997-10-13,0,Yoshi Valley,No Shortcut
1997-12-14,0.0017427994863328923,Yoshi Valley,No Shortcut
1998-03-09,0.011740964960557706,Yoshi Valley,No Shortcut
1998-03-23,0.018712162905889014,Yoshi Valley,No Shortcut
1998-10-10,0.019812878370941207,Yoshi Valley,No Shortcut
1999-01-14,0.02302329847734378,Yoshi Valley,No Shortcut
1999-04-15,0.028159970647587663,Yoshi Valley,No Shortcut
2001-07-16,0.04265272427077605,Yoshi Valley,No Shortcut
2002-03-11,0.04283617684828486,Yoshi Valley,No Shortcut
2003-04-01,0.04292790313703913,Yoshi Valley,No Shortcut
2003-04-01,0.04384516602458265,Yoshi Valley,No Shortcut
2003-04-02,0.04567969179966995,Yoshi Valley,No Shortcut
2003-04-03,0.04641350210970466,Yoshi Valley,No Shortcut
2003-06-10,0.05063291139240515,Yoshi Valley,No Shortcut
2005-03-17,0.05173362685745748,Yoshi Valley,No Shortcut
2005-04-09,0.05365987892129892,Yoshi Valley,No Shortcut
2008-03-08,0.05576958356264917,Yoshi Valley,No Shortcut
2013-07-31,0.05613648871766652,Yoshi Valley,No Shortcut
2015-09-15,0.057053751605210166,Yoshi Valley,No Shortcut
2015-09-16,0.05815446707026236,Yoshi Valley,No Shortcut
2016-02-06,0.05833791964777117,Yoshi Valley,No Shortcut
2016-02-09,0.05879655109154293,Yoshi Valley,No Shortcut
2016-02-16,0.05898000366905161,Yoshi Valley,No Shortcut
2016-02-16,0.059622087690332046,Yoshi Valley,No Shortcut
2016-02-29,0.06118143459915626,Yoshi Valley,No Shortcut
2017-02-12,0.06136488717666493,Yoshi Valley,No Shortcut
2017-02-12,0.061823518620436696,Yoshi Valley,No Shortcut
2018-01-08,0.06191524490919097,Yoshi Valley,No Shortcut
2018-11-06,0.0620069711979455,Yoshi Valley,No Shortcut
2018-11-11,0.06219042377545405,Yoshi Valley,No Shortcut
2020-06-11,0.062373876352962855,Yoshi Valley,No Shortcut
2020-07-18,0.06246560264171713,Yoshi Valley,No Shortcut
2021-01-07,0.06255732893047153,Yoshi Valley,No Shortcut
2021-01-23,0.06255732893047153,Yoshi Valley,No Shortcut
2021-01-26,0.0631994129517521,Yoshi Valley,No Shortcut
1998-08-09,0,Yoshi Valley,Shortcut
1998-10-08,0.009011546043368074,Yoshi Valley,Shortcut
1998-10-09,0.030413967896367175,Yoshi Valley,Shortcut
1999-02-21,0.0428048437059982,Yoshi Valley,Shortcut
2010-10-27,0.057448606026471394,Yoshi Valley,Shortcut
2010-11-04,0.05857504928189238,Yoshi Valley,Shortcut
2010-11-27,0.05970149253731336,Yoshi Valley,Shortcut
2012-06-05,0.05970149253731336,Yoshi Valley,Shortcut
2013-07-31,0.05970149253731336,Yoshi Valley,Shortcut
2021-01-21,0.06082793579273435,Yoshi Valley,Shortcut
1997-12-14,0,Banshee Boardwalk,No Shortcut
1997-12-30,0.0015434480629728125,Banshee Boardwalk,No Shortcut
1998-01-01,0.004630344188918218,Banshee Boardwalk,No Shortcut
1998-03-23,0.009878067603025165,Banshee Boardwalk,No Shortcut
1999-02-14,0.017055101095848183,Banshee Boardwalk,No Shortcut
1999-02-15,0.018752893965118124,Banshee Boardwalk,No Shortcut
1999-10-31,0.02585275505479247,Banshee Boardwalk,No Shortcut
2001-07-16,0.02608427226423838,Banshee Boardwalk,No Shortcut
2001-07-17,0.02716468590831926,Banshee Boardwalk,No Shortcut
2002-02-28,0.027936409939805666,Banshee Boardwalk,No Shortcut
2002-06-19,0.028013582342954233,Banshee Boardwalk,No Shortcut
2003-04-05,0.028167927149251468,Banshee Boardwalk,No Shortcut
2003-04-10,0.028167927149251468,Banshee Boardwalk,No Shortcut
2003-04-19,0.03032875443741323,Banshee Boardwalk,No Shortcut
2003-07-13,0.0309461336626024,Banshee Boardwalk,No Shortcut
2003-11-14,0.031177650872048202,Banshee Boardwalk,No Shortcut
2008-02-28,0.03295261614446682,Banshee Boardwalk,No Shortcut
2011-05-22,0.0332613057570614,Banshee Boardwalk,No Shortcut
2011-06-04,0.0340330297885477,Banshee Boardwalk,No Shortcut
2011-07-21,0.03542213304522316,Banshee Boardwalk,No Shortcut
2013-01-13,0.036193857076709454,Banshee Boardwalk,No Shortcut
2013-01-23,0.03650254668930404,Banshee Boardwalk,No Shortcut
2013-02-03,0.03665689149560128,Banshee Boardwalk,No Shortcut
2013-08-01,0.037119925914493104,Banshee Boardwalk,No Shortcut
2013-08-02,0.03735144312393901,Banshee Boardwalk,No Shortcut
2013-08-20,0.038045994752276636,Banshee Boardwalk,No Shortcut
2013-08-22,0.03835468436487122,Banshee Boardwalk,No Shortcut
2013-09-27,0.038509029171168455,Banshee Boardwalk,No Shortcut
2013-09-28,0.03920358079950619,Banshee Boardwalk,No Shortcut
2013-10-03,0.03928075320265486,Banshee Boardwalk,No Shortcut
2016-12-30,0.03982096002469525,Banshee Boardwalk,No Shortcut
2017-05-21,0.04005247723414116,Banshee Boardwalk,No Shortcut
2017-05-28,0.04051551165303298,Banshee Boardwalk,No Shortcut
2017-07-02,0.04051551165303298,Banshee Boardwalk,No Shortcut
2017-07-02,0.04066985645933022,Banshee Boardwalk,No Shortcut
2017-12-24,0.040824201265627455,Banshee Boardwalk,No Shortcut
2018-01-07,0.04113289087822204,Banshee Boardwalk,No Shortcut
2020-06-11,0.04144158049081662,Banshee Boardwalk,No Shortcut
2020-06-18,0.041518752893965186,Banshee Boardwalk,No Shortcut
2021-01-04,0.04182744250655977,Banshee Boardwalk,No Shortcut
2021-01-07,0.041904614909708336,Banshee Boardwalk,No Shortcut
2021-01-10,0.0422904769254516,Banshee Boardwalk,No Shortcut
2021-01-15,0.0422904769254516,Banshee Boardwalk,No Shortcut
2021-01-15,0.04236764932860016,Banshee Boardwalk,No Shortcut
1998-01-14,0,Rainbow Road,No Shortcut
1998-09-02,0.01231386801920318,Rainbow Road,No Shortcut
1998-09-11,0.013100436681222665,Rainbow Road,No Shortcut
1998-09-13,0.0177384794814072,Rainbow Road,No Shortcut
1998-09-22,0.018226694513005424,Rainbow Road,No Shortcut
1998-09-30,0.018714909544603805,Rainbow Road,No Shortcut
1998-10-09,0.019067509289647056,Rainbow Road,No Shortcut
1998-10-10,0.019230247633513182,Rainbow Road,No Shortcut
1998-10-24,0.020125308524776956,Rainbow Road,No Shortcut
1999-02-14,0.02253926062545771,Rainbow Road,No Shortcut
1999-04-20,0.023325829287477347,Rainbow Road,No Shortcut
1999-04-28,0.024085274892185836,Rainbow Road,No Shortcut
1999-06-02,0.024573489923784216,Rainbow Road,No Shortcut
1999-11-13,0.027774010686484607,Rainbow Road,No Shortcut
2000-11-17,0.03146274648078322,Rainbow Road,No Shortcut
2003-03-30,0.03287314546095637,Rainbow Road,No Shortcut
2003-03-31,0.03376820635221999,Rainbow Road,No Shortcut
2005-02-10,0.03496162087390487,Rainbow Road,No Shortcut
2006-01-29,0.037701049662317875,Rainbow Road,No Shortcut
2006-02-01,0.0389487102986249,Rainbow Road,No Shortcut
2012-02-24,0.03897583335593589,Rainbow Road,No Shortcut
2012-03-24,0.039870894247199515,Rainbow Road,No Shortcut
2012-12-23,0.040304863164175905,Rainbow Road,No Shortcut
2013-07-02,0.04038623233610889,Rainbow Road,No Shortcut
2014-08-12,0.04044047845073104,Rainbow Road,No Shortcut
2014-08-15,0.041037185711573394,Rainbow Road,No Shortcut
2015-11-28,0.04149827768586078,Rainbow Road,No Shortcut
2015-11-30,0.04187800048821502,Rainbow Road,No Shortcut
2015-12-05,0.042013615774770155,Rainbow Road,No Shortcut
2015-12-14,0.042230600233258274,Rainbow Road,No Shortcut
2016-01-13,0.042556076920990525,Rainbow Road,No Shortcut
2016-01-13,0.04288155360872278,Rainbow Road,No Shortcut
2016-02-09,0.04323415335376603,Rainbow Road,No Shortcut
2018-04-07,0.04407496813040766,Rainbow Road,No Shortcut
2018-04-13,0.04426482953158478,Rainbow Road,No Shortcut
2019-04-05,0.04459030621931703,Rainbow Road,No Shortcut
2019-04-10,0.04467167539125002,Rainbow Road,No Shortcut
2019-04-10,0.045376874881336675,Rainbow Road,No Shortcut
2020-09-28,0.04562098239713579,Rainbow Road,No Shortcut
1998-03-23,0,Rainbow Road,Shortcut
1998-09-22,0.0044675025219772626,Rainbow Road,Shortcut
1998-12-16,0.008754863813229596,Rainbow Road,Shortcut
1998-12-23,0.010123937166738732,Rainbow Road,Shortcut
1999-09-16,0.05620406398616524,Rainbow Road,Shortcut
2000-11-12,0.061572272661766736,Rainbow Road,Shortcut
2012-02-05,0.1441490128260556,Rainbow Road,Shortcut
2012-02-07,0.14548205793341978,Rainbow Road,Shortcut
2012-03-08,0.14602248162559447,Rainbow Road,Shortcut
2012-09-16,0.14688715953307396,Rainbow Road,Shortcut
2012-09-19,0.14753566796368348,Rainbow Road,Shortcut
2014-08-07,0.1478599221789883,Rainbow Road,Shortcut
2015-03-31,0.14843637411730792,Rainbow Road,Shortcut
2017-11-26,0.14919296728635248,Rainbow Road,Shortcut
2017-11-26,0.14948119325551235,Rainbow Road,Shortcut
2017-11-30,0.14966133448623717,Rainbow Road,Shortcut
2017-11-30,0.15009367343997693,Rainbow Road,Shortcut
2017-12-02,0.15074218187058655,Rainbow Road,Shortcut
2017-12-14,0.1519671422395158,Rainbow Road,Shortcut
2018-11-05,0.15286784839314024,Rainbow Road,Shortcut
2019-01-01,0.15380458279290962,Rainbow Road,Shortcut
2020-10-11,0.7830379017149445,Rainbow Road,Shortcut
2020-10-11,0.7865326415910073,Rainbow Road,Shortcut
2020-10-11,0.7910001441129846,Rainbow Road,Shortcut
2020-10-11,0.7979535956189653,Rainbow Road,Shortcut
2020-10-12,0.8049791036172359,Rainbow Road,Shortcut
2020-10-15,0.8181294134601528,Rainbow Road,Shortcut
2020-10-25,0.8184536676754576,Rainbow Road,Shortcut
